{"api_key": null, "cookies": {}, "headers": {"accept": "*/*", "accept-encoding": "gzip, deflate, br, zstd", "accept-language": "en-US,en;q=0.8", "referer": "https://chatgpt.com/", "sec-ch-ua": "\"Google Chrome\";v=\"131\", \"Chromium\";v=\"131\", \"Not_A Brand\";v=\"24\"", "sec-ch-ua-mobile": "?0", "sec-ch-ua-platform": "\"Windows\"", "sec-fetch-dest": "empty", "sec-fetch-mode": "cors", "sec-fetch-site": "same-origin", "sec-gpc": "1", "user-agent": "Mozilla/5.0 (Windows NT 10.0; Win64; x64) AppleWebKit/537.36 (KHTML, like Gecko) Chrome/131.0.0.0 Safari/537.36", "content-type": "application/json"}, "expires": null, "proof_token": null, "turnstile_token": null}